Name,Term,ES,NES,NOM p-val,FDR q-val,FWER p-val,Tag %,Gene %,Lead_genes
prerank,Fatty acid degradation,-0.7907718504718881,-1.895935118698503,0.0040650406504065045,0.19545196801126258,0.065,12/33,7.94%,ADH1A;ADH1C;ADH4;ECI2;EHHADH;ACAA1;CPT1A;ACOX1;HADH;ADH6;ECHS1;ACADVL
prerank,Pyruvate metabolism,-0.7847582818046603,-1.8859975076114368,0.008403361344537815,0.11592984377138613,0.076,8/34,7.24%,ADH1A;ADH1C;FH;ADH4;ADH6;ACSS2;DLD;LDHB
prerank,Peroxisome,-0.7558961438091351,-1.8629588764082126,0.004081632653061225,0.11050062243773993,0.103,10/39,3.61%,AGPS;SCP2;HMGCL;ECI2;EHHADH;SOD1;PRDX1;ACAA1;EPHX2;ACOX1
prerank,Tyrosine metabolism,-0.8142676276845653,-1.7306930831729521,0.014705882352941176,0.3401247482548932,0.317,4/15,4.34%,ADH1A;ADH1C;ADH4;ADH6
prerank,Complement and coagulation cascades,0.7612596863721949,1.6823674121440935,0.0,0.037976567431501046,0.044,27/73,8.22%,CFD;C4BPB;CFHR3;F8;SERPING1;PLAT;C4BPA;F11;F12;F2;FGB;C1S;F7;F5;PROS1;C4A;FGG;F9;CFHR1;KNG1;C7;C1QA;CFHR5;CFHR2;VTN;C9;F10
prerank,Proteasome,-0.6574724535852231,-1.6435157269073943,0.026200873362445413,0.47674950628629525,0.456,20/41,20.41%,PSMB1;PSMC4;PSMA6;PSMA2;PSMD4;PSMD7;PSMA4;PSMD1;PSMD13;PSMC3;PSMB9;PSMD6;PSMD9;PSMD11;PSMD3;PSMA7;PSMC2;PSMB7;PSMD14;PSMB2
prerank,Arrhythmogenic right ventricular cardiomyopathy,0.8202860246207818,1.6267943354441097,0.002717391304347826,0.08848540211539745,0.181,5/30,3.27%,CDH2;LAMA2;LMNA;ACTN2;DSC2
prerank,Metabolism of xenobiotics by cytochrome P450,-0.7213340971590304,-1.6231965598414586,0.01098901098901099,0.4493479068494222,0.504,4/23,4.34%,ADH1A;ADH1C;ADH4;ADH6
prerank,p53 signaling pathway,-0.7295608232867704,-1.6135450733096888,0.029900332225913623,0.4059597598889389,0.523,7/19,12.03%,SERPINE1;BAX;CDK2;CASP3;PTEN;APAF1;CYCS
prerank,N-Glycan biosynthesis,0.78901899317833,1.6120487238636922,0.005319148936170213,0.08557386527898236,0.251,6/30,8.84%,MGAT1;DPAGT1;MAN1C1;B4GALT1;MAN1A1;ALG12
prerank,"Glycine, serine and threonine metabolism",-0.7486473898756156,-1.6016239771144818,0.041666666666666664,0.3798858103748314,0.551,3/15,13.89%,SHMT1;DLD;SHMT2
prerank,"Alanine, aspartate and glutamate metabolism",-0.7421711913624185,-1.5914830490903251,0.05338078291814947,0.3596060718638588,0.576,3/20,3.98%,ASL;GPT;ASS1
prerank,Propanoate metabolism,-0.6766414883728693,-1.5814762697021405,0.039525691699604744,0.3424241831726727,0.601,6/26,7.24%,EHHADH;ACOX1;ACSS2;ECHS1;DLD;LDHB
prerank,Various types of N-glycan biosynthesis,0.8129697363855181,1.5714627026114358,0.009681881051175657,0.1479187301456966,0.425,6/22,8.84%,MGAT1;MAN1C1;B4GALT1;HEXA;MAN1A1;ALG12
prerank,"Valine, leucine and isoleucine degradation",-0.627925000018331,-1.5388861116986705,0.053061224489795916,0.39578152524205745,0.684,6/34,6.48%,HMGCL;EHHADH;ACAA1;HADH;ECHS1;DLD
prerank,Glycolysis / Gluconeogenesis,-0.615640502081497,-1.537647284827882,0.07106598984771574,0.36567402511911046,0.687,11/41,7.24%,ADH1A;ADH1C;ALDOB;ADH4;HK1;ALDOA;ENO3;ADH6;ACSS2;DLD;LDHB
prerank,Tryptophan metabolism,-0.7395473820360827,-1.5272277799192886,0.03870967741935484,0.3543488168167987,0.707,4/15,6.48%,EHHADH;HADH;ECHS1;DLD
prerank,TGF-beta signaling pathway,0.7371732936939627,1.518497736299503,0.015483870967741935,0.3015339454061183,0.709,11/40,12.28%,FBN1;NBL1;INHBB;FMOD;FST;CHRD;INHBC;GREM1;GREM2;GDF6;HJV
prerank,Neuroactive ligand-receptor interaction,0.740354186817311,1.4917520380508098,0.02190721649484536,0.37989226287311545,0.839,12/34,13.99%,TAAR9;F2;SLURP1;CTSG;GHRL;GIP;KNG1;PENK;PRSS2;SLURP2;PRL;GAL
prerank,beta-Alanine metabolism,-0.691744246912762,-1.4895129730666898,0.06711409395973154,0.39747375007332386,0.785,3/17,6.46%,EHHADH;ACOX1;ECHS1
prerank,Cholesterol metabolism,0.7344124778231502,1.484462775827726,0.032981530343007916,0.357305247291237,0.862,12/33,13.07%,APOC1;LRP1;CETP;ANGPTL3;APOA2;APOE;APOA1;APOC3;PLTP;ANGPTL4;LPL;APOB
prerank,Phagosome,0.6388046318632332,1.462565025179679,0.008036739380022962,0.41631812046783023,0.913,23/97,12.47%,COLEC12;COMP;ATP6AP1;TUBB2A;MPO;SFTPD;CD14;THBS4;CANX;THBS3;MARCO;CALR;PIKFYVE;COLEC11;TUBB6;TUBB1;MRC1;HLA-C;HLA-B;ATP6V1E1;TUBA4A;TUBA1B;SEC61G
prerank,Glyoxylate and dicarboxylate metabolism,-0.6384489238050325,-1.4581036094456763,0.07434944237918216,0.42654517724810825,0.825,7/23,13.89%,ACO1;SHMT1;ACSS2;DLD;CS;ACO2;SHMT2
prerank,Protein digestion and absorption,0.730067603432059,1.4494342890590128,0.01971090670170828,0.4320045526263419,0.949,9/33,7.51%,COL7A1;ELN;COL16A1;COL6A1;COL18A1;COL6A3;COL11A1;COL14A1;COL6A2
prerank,Antigen processing and presentation,0.6954897488632282,1.4325645041428754,0.039525691699604744,0.47599829618643413,0.971,9/35,12.76%,CTSB;CANX;CREB1;CALR;IFI30;CD4;HLA-C;HLA-B;B2M
prerank,Drug metabolism,-0.5759541046046803,-1.420935779863026,0.08936170212765958,0.47557583638034534,0.874,11/41,13.57%,ADH1A;ADH1C;ADH4;ADH6;NME1;HPRT1;ADH1B;GSTT2;ADH5;NME2;GSTO1
prerank,Systemic lupus erythematosus,0.6818232197778532,1.4160912940019597,0.029150823827629912,0.5202099255071434,0.984,13/43,13.18%,H2BC12;H4C1;MACROH2A1;C1S;C4A;CTSG;C7;C1QA;C9;H2AZ1;SNRPB;C8B;C4B
prerank,Purine metabolism,-0.5634990055490415,-1.4074448962226396,0.10309278350515463,0.4776963324289104,0.892,20/57,18.64%,PDE6A;GART;GUCY1B1;GMPR2;NME1;HPRT1;NUDT5;AK2;ADK;NT5C;AK3;PGM1;NME2;PDE6D;PDE5A;NUDT2;GUK1;NT5C3B;AK1;ATIC
prerank,Hedgehog signaling pathway,-0.647131894768532,-1.3984019645306556,0.08333333333333333,0.4700002389813312,0.902,7/18,15.62%,ARRB1;CSNK1G1;IHH;PRKACA;GSK3B;CSNK1A1;CSNK1G3
prerank,Arachidonic acid metabolism,0.7463467936044745,1.3961666718526742,0.06657420249653259,0.5845859613289062,0.993,2/19,3.00%,PTGDS;PLA2G2A
prerank,AGE-RAGE signaling pathway in diabetic complications,-0.5386794923865207,-1.3754611656459603,0.11494252873563218,0.4951853265920016,0.929,6/53,4.57%,FN1;SERPINE1;BAX;COL1A2;MAPK14;CASP3
prerank,Spliceosome,0.6228648131887646,1.365645736921068,0.04904306220095694,0.7187503577574245,0.997,36/71,25.40%,SNRPA1;SNRPC;SF3B3;SRSF5;SRSF2;LSM3;RBMX;DDX46;SNRNP200;TRA2B;U2AF2;HNRNPU;SNRPB;SNRPE;SNRNP70;WBP11;U2SURP;PRPF31;SF3A3;TCERG1;SRSF3;HNRNPA1;HNRNPC;SF3B1;PRPF8;LSM4;SNRPD3;ALYREF;SART1;EFTUD2;SNRPB2;HNRNPK;SNRPF;SNRNP27;DDX39B;BUD31
prerank,Lysine degradation,-0.6468128684371537,-1.3563059740151948,0.12286689419795221,0.5132530356060458,0.95,5/17,11.09%,EHHADH;HADH;ECHS1;DLD;PLOD1
prerank,Citrate cycle (TCA cycle),-0.5935252774394087,-1.3546119038825746,0.125,0.49227981672304455,0.952,11/26,18.06%,ACO1;FH;DLD;SDHC;SDHB;CS;ACO2;OGDH;MDH2;SDHA;SUCLA2
prerank,Aldosterone-regulated sodium reabsorption,0.7607422716693877,1.3516069137131468,0.09221902017291066,0.7543773859071744,0.999,3/15,6.01%,NR3C2;PIK3CB;PIK3CD
prerank,Cysteine and methionine metabolism,-0.5990283590746422,-1.348412526054126,0.1383399209486166,0.48305553234869075,0.957,11/26,18.20%,MAT2B;TST;AHCY;MTAP;LDHB;AHCYL2;LDHA;GCLC;MDH2;GSS;GOT2
prerank,Cell adhesion molecules,0.6315676799083261,1.3449235065803058,0.07625,0.7452521592757766,0.999,8/54,7.13%,CDH2;CDH1;CDH15;CDH5;VCAN;CDH3;CD4;SDC1
prerank,African trypanosomiasis,0.7092617866496518,1.3142460004726586,0.13966480446927373,0.9015637108238348,0.999,4/20,8.19%,NPPA;APOA1;KNG1;HBA1
prerank,Long-term depression,-0.5424612520466873,-1.311996674698592,0.14957264957264957,0.5412836471309347,0.979,15/34,21.02%,MAP2K2;PRKG1;GUCY1B1;GNAZ;BRAF;PLCB4;GNAQ;PPP2CA;GNAI1;IGF1;ITPR2;MAPK3;ITPR1;LYN;GNA12
prerank,Other types of O-glycan biosynthesis,0.7191084474170204,1.309604619810818,0.15177304964539007,0.8786884137356837,0.999,5/17,13.68%,LFNG;GALNT15;B4GALT1;ST6GAL1;EOGT
prerank,Pertussis,0.6281982160685602,1.30938121769741,0.10532994923857868,0.8314758458196979,0.999,7/42,6.32%,C4BPB;SERPING1;C4BPA;CD14;C1S;C4A;C1QA
prerank,Coronavirus disease,0.5543929552723981,1.3013965955044104,0.045657015590200446,0.8369235955220062,0.999,46/143,23.92%,CFD;NRP1;SYK;F2;FGB;CXCL10;C1S;MMP3;C4A;FGG;OAS2;PIK3CB;PIK3CD;C7;C1QA;TYK2;MMP1;TAB2;RPL19;RPL28;C9;RPS18;C8B;RPS25;C4B;RPL27;FGA;IL12B;RPL29;RPL7A;RPL37A;MASP1;RPS3A;RPS27A;ISG15;RPL10;RPL23A;JAK1;RPS15A;IRF9;RPS23;NFKBIB;RPS4X;OAS3;PIK3R1;ADAM17
prerank,Cytokine-cytokine receptor interaction,0.5886063927918468,1.2934832832850862,0.10469314079422383,0.8438393283279533,1.0,27/73,18.75%,CXCL9;CCL14;CSF1;GDF15;INHBB;TNFRSF6B;CXCL10;CXCL12;INHBC;CD4;CXCL13;CCL15;GDF6;CCL20;IL7R;CCL16;EBI3;CXCL17;PRL;CXCL1;IL21R;CCR6;IL12B;GDF11;CCL11;TNFRSF17;CXCL14
prerank,Viral carcinogenesis,0.5771739872189203,1.2934078599230023,0.09155766944114149,0.8039458484451479,1.0,17/83,11.26%,H2BC12;GSN;H4C1;SYK;UBR4;CREB1;PIK3CB;SCRIB;PIK3CD;PXN;HPN;GTF2A2;CHD4;HLA-C;TBPL1;ATF6B;HLA-B
prerank,Glycosaminoglycan biosynthesis,0.6994673305458616,1.2918514380078916,0.14227642276422764,0.775757700168935,1.0,7/17,19.68%,HS3ST3B1;CHST14;B4GALT1;B3GAT3;ST3GAL1;CHST7;XYLT1
prerank,Human papillomavirus infection,0.5514606520320762,1.2841268898795413,0.06555555555555556,0.7864121537511009,1.0,31/140,11.70%,LAMA2;COMP;TNC;ATP6AP1;SPP1;COL6A1;NOTCH2;UBR4;LFNG;COL6A3;THBS4;THBS3;CREB1;RHEB;PIK3CB;SCRIB;PIK3CD;TYK2;PXN;VTN;CHD4;COL6A2;TNXB;AKT1;NOTCH3;HLA-C;TBPL1;HLA-B;ATP6V1E1;VEGFA;COL4A2
prerank,Staphylococcus aureus infection,0.5941765003030083,1.2584341119988056,0.15762925598991173,0.8980825254759472,1.0,18/50,20.98%,CFD;C1S;C4A;FGG;C1QA;KRT17;DEFA6;KRT16;C4B;KRT10;ITGAL;DEFA4;KRT25;MASP1;DEFA5;KRT13;KRT33A;HLA-DPA1
prerank,Neutrophil extracellular trap formation,0.5610065198872568,1.2563524220585367,0.1408614668218859,0.875101638637565,1.0,10/77,6.01%,H2BC12;H4C1;SYK;MPO;FGB;MACROH2A1;FGG;CTSG;PIK3CB;PIK3CD
prerank,Viral protein interaction with cytokine and cytokine receptor,0.6064696438316426,1.2533183301269903,0.15019255455712452,0.8581243602310332,1.0,15/40,20.93%,CXCL9;CCL14;CSF1;CXCL10;CXCL12;CXCL13;CCL15;CCL20;CCL16;CXCL1;CCR6;CCL11;CXCL14;CXCR2;CCL13
prerank,ECM-receptor interaction,0.5878031920298972,1.2511879629824079,0.1539408866995074,0.8374536388413232,1.0,12/52,7.88%,LAMA2;COMP;TNC;SPP1;COL6A1;COL6A3;THBS4;THBS3;VTN;SDC1;COL6A2;TNXB
prerank,Salivary secretion,0.6118869729320358,1.2337803228144344,0.21501272264631044,0.9031912779994706,1.0,3/35,3.73%,CST3;LYZ;PRB1
prerank,Thyroid hormone synthesis,0.6211498392181081,1.230273946207811,0.19894598155467721,0.8913755144577288,1.0,7/31,11.03%,ASGR2;ASGR1;HSP90B1;CANX;CREB1;PDIA4;ATF6B
prerank,Leukocyte transendothelial migration,0.5648971366700619,1.224431280226044,0.1570552147239264,0.8923480637937906,1.0,15/64,16.28%,VAV1;RAP1A;CDH5;CXCL12;MYL12B;RAP1B;PIK3CB;PIK3CD;PXN;EZR;NCF2;MMP2;RAC1;ITGAL;ITGA4
prerank,Regulation of lipolysis in adipocytes,0.6522511106831712,1.217128870132121,0.21349862258953167,0.9017352179025578,1.0,4/20,8.80%,NPPA;PIK3CB;PIK3CD;AKT1
prerank,Arginine and proline metabolism,-0.5532821184986019,-1.2152543199203496,0.2,0.761687816514479,0.995,2/23,1.63%,CKM;L3HYPDH
prerank,Notch signaling pathway,0.6737909633542978,1.2011573825042008,0.2527624309392265,0.9600476246683465,1.0,6/15,18.66%,NOTCH2;LFNG;DTX3L;NOTCH3;PSEN1;NOTCH1
prerank,Renin secretion,0.6073031683132528,1.195814959554754,0.21879194630872484,0.9580452238401401,1.0,3/30,4.71%,NPPA;CTSB;CREB1
prerank,Toll-like receptor signaling pathway,0.5747558424524309,1.192463868868358,0.23155216284987276,0.9467334869100085,1.0,9/42,8.80%,LBP;CXCL9;SPP1;CD14;CXCL10;PIK3CB;PIK3CD;TAB2;AKT1
prerank,Alcoholism,0.5663427159863477,1.190553921090907,0.22082810539523212,0.9297965760971965,1.0,10/48,14.30%,H2BC12;H4C1;GNG12;MACROH2A1;CREB1;SLC29A3;H2AZ1;ATF6B;SLC29A1;SOS1
prerank,Hypertrophic cardiomyopathy,0.5763569601046248,1.1894793565854047,0.2388818297331639,0.9093278090542751,1.0,2/39,2.92%,LAMA2;LMNA
prerank,PI3K-Akt signaling pathway,0.5113550155359213,1.1857924715797208,0.1702127659574468,0.9027337996582109,1.0,28/144,12.86%,LAMA2;COMP;TNC;CSF1;SPP1;COL6A1;SYK;GNG12;COL6A3;THBS4;HSP90B1;SGK3;THBS3;CREB1;RHEB;PIK3CB;PIK3CD;VTN;COL6A2;TNXB;AKT1;PDGFA;ATF6B;IL7R;VEGFA;COL4A2;PRL;IGF1R
prerank,cAMP signaling pathway,0.5406335259849807,1.1842513396036265,0.2148859543817527,0.8865529728548575,1.0,10/66,6.01%,NPPA;VAV1;RAP1A;CAMK2D;CREB1;GHRL;GIP;RAP1B;PIK3CB;PIK3CD
prerank,Endocytosis,-0.4116677626570189,-1.1825040693031075,0.10606060606060606,0.8330852707115343,0.997,43/162,16.20%,IST1;ARRB1;VPS26B;VPS45;STAM;ARPC1B;ARFGAP2;CYTH2;PSD3;SNX3;CAPZA2;ACAP1;DAB2;RAB35;ARPC2;AGAP2;MVB12A;SRC;STAMBP;TSG101;ARPC3;PDCD6IP;AP2S1;ACTR3;HGS;RABEP1;STAM2;RAB11B;EEA1;RBSN;SNF8;AP2B1;VPS26A;RAB5B;VPS37C;RAB10;WIPF1;GBF1;PIP5K1C;VPS37A;SH3GLB1;HLA-E;AP2M1
prerank,Dilated cardiomyopathy,0.580229366549883,1.1748695117012948,0.2421875,0.9086721452405006,1.0,2/37,2.92%,LAMA2;LMNA
prerank,IL-17 signaling pathway,0.5543846844480342,1.1657359337728026,0.24968152866242038,0.9282232611607485,1.0,10/43,14.09%,LCN2;HSP90B1;CXCL10;MMP3;MMP1;TAB2;TNFAIP3;CCL20;CXCL1;TAB3
prerank,Huntington disease,-0.3922676722346789,-1.1630541321638772,0.1651376146788991,0.8587505019861353,0.999,55/164,18.18%,DCTN5;BAX;SOD1;BDNF;PSMB1;PSMC4;SLC25A6;CASP3;WIPI2;NDUFA4;ATP5F1C;PSMA6;PSMA2;UQCRC1;PSMD4;PSMD7;ACTR10;SLC25A5;PSMA4;NDUFA11;PLCB4;PSMD1;AP2S1;PSMD13;PSMC3;NDUFV1;SDHC;GNAQ;PSMD6;APAF1;SDHB;CYCS;AP2B1;VDAC2;ACTR1A;MAP3K5;PSMD9;PSMD11;ACTR1B;DNAH5;VDAC1;COX6C;ATP5PD;GPX3;TGM2;DCTN4;AP2M1;COX6B1;PSMD3;PSMA7;SDHA;UQCRC2;PSMC2;COX4I1;HDAC1
prerank,Insulin signaling pathway,-0.44142594867125023,-1.1628026086849998,0.2129032258064516,0.8277965704006415,0.999,17/74,13.16%,PPP1CB;PYGL;PYGB;MAP2K2;HK1;INPP5A;FLOT1;PPP1R3E;SHC1;PTPN1;FLOT2;BRAF;PRKAA1;GYS1;PRKACA;GSK3B;CRK
prerank,Fc gamma R-mediated phagocytosis,0.5263459813385925,1.1401654348783639,0.2776442307692308,1.0,1.0,13/63,16.10%,GSN;VAV1;SYK;MARCKS;PIK3CB;PIK3CD;BIN1;AKT1;PTPRC;PIP5K1B;DNM2;DOCK1;RAC1
prerank,Tuberculosis,0.5036375239529969,1.1290827582184377,0.28263473053892213,1.0,1.0,9/82,10.05%,LBP;ATP6AP1;SYK;CD14;CAMK2D;CREB1;AKT1;LSP1;MRC1
prerank,Spinocerebellar ataxia,-0.4207034743220815,-1.1260675165075962,0.26436781609195403,0.9160100111452203,0.999,27/78,17.28%,PSMB1;PSMC4;SLC25A6;WIPI2;PSMA6;PSMA2;PSMD4;PSMD7;SLC25A5;PSMA4;PLCB4;PSMD1;PSMD13;PSMC3;OPA1;AFG3L2;GNAQ;PSMD6;CYCS;VDAC2;MAP3K5;PSMD9;PSMD11;VDAC1;PSMD3;PSMA7;ITPR2
prerank,Fructose and mannose metabolism,-0.49328266172706786,-1.121704182358186,0.3046594982078853,0.899422646575154,0.999,9/22,10.78%,ALDOB;HK1;TKFC;ALDOA;SORD;GMPPB;AKR1B1;GFUS;TPI1
prerank,Chemokine signaling pathway,0.4839648903391135,1.1199470687617876,0.28876404494382024,1.0,1.0,19/122,11.55%,CXCL9;CCL14;VAV1;RAP1A;GNG12;CXCL10;CXCL12;RAP1B;PIK3CB;PIK3CD;PXN;CXCL13;DOCK2;AKT1;CCL15;PREX1;CCL20;ELMO1;CCL16
prerank,Apelin signaling pathway,0.5140684259693421,1.1131381323100111,0.33213429256594723,1.0,1.0,7/68,9.28%,CDH1;SPP1;PLAT;GNG12;ACTA2;AKT1;NOTCH3
prerank,Focal adhesion,0.4895627422313022,1.10809102134333,0.28308400460299193,1.0,1.0,20/118,9.49%,LAMA2;COMP;TNC;SPP1;VAV1;COL6A1;RAP1A;COL6A3;THBS4;THBS3;MYL12B;RAP1B;PIK3CB;PIK3CD;PXN;VTN;COL6A2;TNXB;AKT1;PDGFA
prerank,MicroRNAs in cancer,0.5091792691325305,1.0998509368278806,0.32858837485172004,1.0,1.0,21/67,19.62%,TNC;NOTCH2;VIM;MARCKS;HMOX1;PIK3CB;PIK3CD;ST14;TNXB;NOTCH3;PDGFA;VEGFA;ABCB1;EZR;TPM1;SOS1;CD44;PDCD4;CDKN1A;NOTCH1;STMN1
prerank,Aldosterone synthesis and secretion,0.5411251734918707,1.0876284120001343,0.3602015113350126,1.0,1.0,3/33,4.71%,NPPA;CAMK2D;CREB1
prerank,Shigellosis,-0.37403198629759804,-1.0734037984203508,0.33035714285714285,1.0,1.0,31/137,14.32%,TLN2;CCL5;BAX;TAB1;HK1;SEPTIN6;ARPC1B;MAPK14;GSK3A;SEPTIN11;CYTH2;WIPI2;ARPC2;SRC;ITGA5;ARPC3;SEPTIN7;PLCB4;ACTR3;MAP3K7;PPID;RIPK1;CYCS;GSK3B;ITGB1;WASF2;CRK;SEPTIN2;STING1;C3;FNBP1L
prerank,Insulin resistance,-0.4217845708714892,-1.0710330266087535,0.3165829145728643,1.0,1.0,8/53,6.25%,PPP1CB;PYGL;PYGB;CPT1A;PPP1R3E;PTEN;CD36;PTPN1
prerank,TNF signaling pathway,0.4965105155233206,1.0668167896431426,0.3784119106699752,1.0,1.0,15/52,14.93%,CSF1;CXCL10;MMP3;CREB1;PIK3CB;PIK3CD;TAB2;AKT1;TNFAIP3;CCL20;MMP14;ATF6B;CXCL1;TAB3;MAP2K3
prerank,Fluid shear stress and atherosclerosis,0.48401825883744093,1.0652692007263067,0.37346437346437344,1.0,1.0,15/70,16.10%,PLAT;CDH5;HSP90B1;HMOX1;PIK3CB;PIK3CD;SQSTM1;SDC1;AKT1;PDGFA;VEGFA;GPC1;NCF2;MMP2;RAC1
prerank,Pathways of neurodegeneration,-0.3367900410201184,-1.0608243474320038,0.2833333333333333,1.0,1.0,61/246,16.12%,DCTN5;BAX;DKK1;MAP2K2;PPP3CA;SOD1;BDNF;PSMB1;PSMC4;MAPK14;CCS;SLC25A6;CASP3;WIPI2;CSNK2A2;NDUFA4;SEPTIN5;ATP5F1C;PSMA6;PSMA2;UQCRC1;CSNK2A1;PSMD4;PSMD7;CAMK2B;ACTR10;SLC25A5;PSMA4;NDUFA11;BRAF;PLCB4;PSMD1;PSMD13;PPID;PSMC3;NDUFV1;SDHC;GNAQ;PSMD6;APAF1;SDHB;CYCS;RAB1A;GSK3B;VDAC2;ACTR1A;CSNK1A1;MAP3K5;PSMD9;PSMD11;ACTR1B;DNAH5;PARK7;FUS;APP;VDAC1;COX6C;ATP5PD;GPX3;DCTN4;UBA7
prerank,Pyrimidine metabolism,-0.46771245993500415,-1.0560762398859262,0.359375,1.0,1.0,9/27,19.60%,DTYMK;NME1;NT5C;NME2;NUDT2;TYMP;NT5C3B;UCK1;DPYD
prerank,Bladder cancer,0.5548619570788265,1.0547541123171993,0.40852819807427787,1.0,1.0,2/20,6.42%,CDH1;MMP1
prerank,Transcriptional misregulation in cancer,0.5204315340526979,1.0537121051415923,0.41888297872340424,1.0,1.0,14/37,18.43%,PLAT;MPO;CD14;MMP3;MAX;PDGFA;DEFA6;IGF1R;REL;EWSR1;DEFA4;FLI1;CDKN1A;DEFA5
prerank,Osteoclast differentiation,0.49584501438014483,1.052309725886957,0.40914709517923364,1.0,1.0,15/62,17.58%,CSF1;SYK;CREB1;PIK3CB;PIK3CD;SQSTM1;TYK2;TAB2;AKT1;NFATC2;BLNK;NCF2;RAC1;PPP3CC;SIRPA
prerank,Acute myeloid leukemia,0.5204801850617117,1.0518126410283266,0.4267352185089974,1.0,1.0,5/32,8.80%,MPO;CD14;PIK3CB;PIK3CD;AKT1
prerank,Malaria,0.5374664338685293,1.0504577191360644,0.426027397260274,1.0,1.0,6/27,8.19%,COMP;LRP1;THBS4;THBS3;SDC1;HBA1
prerank,Glycerolipid metabolism,-0.43449709019407523,-1.0494495978681548,0.35714285714285715,1.0,1.0,7/31,10.11%,PNLIP;TKFC;AGPAT1;AKR1B1;GK;PNLIPRP1;PNLIPRP2
prerank,Rheumatoid arthritis,0.5022707628201849,1.0446662538992713,0.40726817042606517,1.0,1.0,9/40,13.39%,ATP6AP1;CSF1;MMP3;CXCL12;MMP1;CCL20;ATP6V1E1;VEGFA;CXCL1
prerank,Hematopoietic cell lineage,0.5080093901237343,1.0437939879278042,0.4144486692015209,1.0,1.0,11/39,23.21%,CSF1;CD14;CD4;IL7R;CD44;ITGA4;CD55;TFRC;HLA-DPA1;ITGA1;GP5
prerank,Ribosome,0.46728053110112133,1.031211960764626,0.4364508393285372,1.0,1.0,24/67,31.67%,RPL19;RPL28;RPS18;RPS25;RPL27;RPL29;RPL7A;RPL37A;RPS3A;RPS27A;RPL10;RPL23A;RPS15A;RPS23;RPS4X;RPL31;RPL32;RPSA;RPS9;RPS14;RPL14;RPL7;RPL11;RPS6
prerank,Lipid and atherosclerosis,0.4436068933324461,1.0304303989796813,0.4305239179954442,1.0,1.0,27/112,18.24%,LBP;VAV1;RAP1A;CD14;CAMK2D;HSP90B1;MMP3;APOA1;RAP1B;PIK3CB;PIK3CD;MMP1;EIF2S1;TAB2;AKT1;LY96;APOB;NFATC2;CXCL1;MAP2K3;NCF2;IL12B;RAC1;PPP3CC;TANK;ERN1;LDLR
prerank,Lysosome,0.46427156909630884,1.0244120191556914,0.4498806682577566,1.0,1.0,8/73,9.45%,CTSB;ATP6AP1;GM2A;CTSG;IGF2R;HEXA;CTSZ;CTNS
prerank,Protein processing in endoplasmic reticulum,0.44725001780036505,1.0242262976567924,0.42755344418052255,1.0,1.0,26/102,20.02%,LMAN2;PRKCSH;HSP90B1;CANX;UBXN2A;CALR;MAN1C1;EIF2S1;MAN1A1;CAPN1;UBXN1;DNAJB11;PDIA4;CRYAB;ATF6B;SEC61G;UBQLN2;SEC24B;DNAJC3;HYOU1;SIL1;CAPN2;ERN1;DNAJC1;SEC61A1;RAD23B
prerank,Thyroid hormone signaling pathway,0.48214503259635383,1.0213302733067746,0.446229913473424,1.0,1.0,9/51,11.78%,NOTCH2;PFKL;PFKM;RHEB;PIK3CB;PIK3CD;AKT1;NOTCH3;PFKP
prerank,Synaptic vesicle cycle,-0.44202134121346764,-1.0107730933219137,0.4180327868852459,1.0,1.0,8/27,16.20%,ATP6V0A1;ATP6V1B2;AP2S1;NSF;NAPA;AP2B1;ATP6V1A;AP2M1
prerank,Autophagy,0.4503465942886394,1.00560532955201,0.4856115107913669,1.0,1.0,9/74,9.40%,CTSB;STX17;RHEB;PIK3CB;PIK3CD;SQSTM1;EIF2S1;AKT1;RRAGC
prerank,Cholinergic synapse,0.48102477205483746,1.0029334324624566,0.47044334975369456,1.0,1.0,6/44,8.80%,GNG12;CAMK2D;CREB1;PIK3CB;PIK3CD;AKT1
prerank,Yersinia infection,-0.36759152288543223,-0.9971910378551674,0.41496598639455784,1.0,1.0,12/95,9.17%,FN1;LAT;MAP2K2;TAB1;ARPC1B;MAPK14;ARPC2;SRC;ITGA5;ARPC3;ACTR3;MAP3K7
prerank,Endometrial cancer,0.49984108294487944,0.9949070743273586,0.49064171122994654,1.0,1.0,4/29,8.80%,CDH1;PIK3CB;PIK3CD;AKT1
prerank,Salmonella infection,0.4196438962518346,0.9942960397912023,0.5011185682326622,1.0,1.0,32/154,16.58%,ANXA2;AHNAK;TUBB2A;CD14;HSP90B1;EXOC4;MYL12B;PIK3CB;PIK3CD;S100A10;TAB2;PODXL;AKT1;TUBB6;TUBB1;ELMO1;DYNLT3;GAPDH;EXOC7;TUBA4A;PTPRC;LY96;BRK1;TUBA1B;DNM2;TAB3;DCTN1;MAP2K3;TUBB4B;DYNC1I2;RAC1;EXOC5
prerank,PPAR signaling pathway,-0.4140604509972198,-0.9906093358285497,0.3783783783783784,1.0,1.0,9/37,7.97%,SCP2;FABP5;EHHADH;ACAA1;CPT1A;ACOX1;CD36;GK;DBI
prerank,Prostate cancer,0.4725516262470527,0.9892654205413018,0.4839537869062901,1.0,1.0,10/45,14.30%,PLAT;HSP90B1;MMP3;CREB1;PIK3CB;PIK3CD;AKT1;PDGFA;IGF1R;SOS1
prerank,Melanoma,0.5092108691062224,0.9853565382382914,0.5115646258503401,1.0,1.0,5/25,9.49%,CDH1;PIK3CB;PIK3CD;AKT1;PDGFA
prerank,Apoptosis,0.44599351347750127,0.9747918626037071,0.5422705314009661,1.0,1.0,24/67,24.58%,CTSB;LMNB2;LMNA;PIK3CB;PIK3CD;EIF2S1;CTSZ;AKT1;CAPN1;TUBA4A;TUBA1B;SPTA1;BIRC6;CAPN2;ERN1;PARP4;TUBA1C;PRF1;HTRA2;CTSF;NRAS;PIK3R1;CTSL;LMNB1
prerank,NF-kappa B signaling pathway,0.4595542477972588,0.971384501652532,0.5168539325842697,1.0,1.0,10/49,14.47%,LBP;SYK;CD14;CXCL12;TAB2;TNFAIP3;LY96;CXCL1;TAB3;BLNK
prerank,FoxO signaling pathway,-0.37917366159449345,-0.9708120660992596,0.40414507772020725,1.0,1.0,10/53,9.67%,USP7;CDKN2D;MAP2K2;MAPK14;CDK2;PTEN;AGAP2;BRAF;STK11;PRKAA1
prerank,Adherens junction,0.47000364022831986,0.9693478800923903,0.5454545454545454,1.0,1.0,3/40,6.84%,CDH1;IQGAP1;FER
prerank,Amino sugar and nucleotide sugar metabolism,-0.42430780576078764,-0.9684938149087164,0.47410358565737054,1.0,1.0,9/30,14.85%,HK1;CYB5R1;UXS1;NANS;GMPPB;GFUS;PGM1;GMDS;RENBP
prerank,Insulin secretion,0.5071031039061774,0.9683543097746111,0.55,1.0,1.0,4/24,11.03%,CAMK2D;CREB1;GIP;ATF6B
prerank,Endocrine and other factor-regulated calcium reabsorption,-0.4258053224329961,-0.9661650211521782,0.4627450980392157,1.0,1.0,8/27,16.20%,PLCB4;AP2S1;ATP2B1;GNAQ;PRKACA;AP2B1;ATP1B3;AP2M1
prerank,Serotonergic synapse,-0.39591385149140296,-0.9654203211950481,0.4641350210970464,1.0,1.0,16/38,19.35%,CASP3;GNG11;GNB4;BRAF;PLCB4;GNAQ;ALOX12;PRKACA;GNB5;GNG8;GNAI1;APP;ITPR2;GNG7;MAPK3;ITPR1
prerank,Intestinal immune network for IgA production,-0.4618640773617586,-0.9619876912806706,0.4716312056737589,1.0,1.0,5/17,12.61%,CD40;HLA-DRA;PIGR;CD40LG;TGFB1
prerank,Dopaminergic synapse,-0.376639079119978,-0.9613910840981793,0.48514851485148514,1.0,1.0,18/57,15.24%,ARRB1;PPP1CB;PPP3CA;MAPK14;GSK3A;GNG11;GNB4;CAMK2B;PLCB4;PPP2R5D;GNAQ;PRKACA;GSK3B;GNB5;GNG8;PPP2CA;GNAI1;PPP1CA
prerank,B cell receptor signaling pathway,0.44952555633924307,0.9538459510907166,0.5436654366543665,1.0,1.0,18/48,25.63%,VAV1;SYK;PIK3CB;PIK3CD;AKT1;NFATC2;SOS1;BLNK;RAC1;PPP3CC;NFKBIE;INPP5D;NFKBIB;NRAS;PIK3R1;RAC2;SOS2;CD22
prerank,Amyotrophic lateral sclerosis,-0.317373714667582,-0.9529867388521823,0.5842696629213483,1.0,1.0,52/192,18.08%,DCTN5;BAX;PPP3CA;SOD1;PSMB1;PSMC4;MAPK14;CCS;CASP3;WIPI2;NDUFA4;ATP5F1C;PSMA6;PSMA2;UQCRC1;PSMD4;PSMD7;ACTR10;PSMA4;NDUFA11;UBQLN1;PSMD1;PSMD13;ANXA11;PSMC3;NDUFV1;SDHC;PSMD6;APAF1;SDHB;CYCS;RAB1A;ACTR1A;MAP3K5;PSMD9;PSMD11;ACTR1B;DNAH5;FUS;VDAC1;COX6C;ATP5PD;GPX3;DCTN4;COX6B1;PSMD3;PSMA7;SDHA;TARDBP;UQCRC2;PSMC2;COX4I1
prerank,Bacterial invasion of epithelial cells,-0.36786511118884935,-0.9495025976534324,0.4918032786885246,1.0,1.0,16/54,13.37%,FN1;SEPTIN6;ARPC1B;SEPTIN11;SHC1;ARPC2;SRC;ITGA5;ARPC3;ACTR3;CD2AP;CTNNA1;ITGB1;WASF2;CRK;SEPTIN2
prerank,Olfactory transduction,-0.44764468387236145,-0.9460029669357873,0.4845360824742268,1.0,1.0,3/16,7.26%,ARRB1;PRKG1;CAMK2B
prerank,Pathways in cancer,0.3948323757522245,0.9445936800580309,0.6120218579234973,1.0,1.0,21/186,11.70%,CDH1;LAMA2;GNG12;NOTCH2;F2;CAMK2D;HSP90B1;MAX;CXCL12;HMOX1;PIK3CB;KNG1;PIK3CD;MMP1;EGLN1;AKT1;NOTCH3;PDGFA;IL7R;VEGFA;COL4A2
prerank,Glutathione metabolism,-0.389605913753098,-0.937504172086464,0.5140562248995983,1.0,1.0,14/33,22.81%,PGD;G6PD;GSTT2;LAP3;GGCT;GSTO1;GCLC;GPX3;MGST2;GSTP1;GSS;SRM;GSTK1;TXNDC12
prerank,Small cell lung cancer,-0.3780425601329825,-0.9265803476512442,0.5579399141630901,1.0,1.0,5/35,4.69%,FN1;BAX;CDK2;CASP3;PTEN
prerank,Vibrio cholerae infection,0.4747353952026269,0.9260009031037737,0.5948158253751705,1.0,1.0,4/25,12.47%,ATP6AP1;PDIA4;ATP6V1E1;SEC61G
prerank,SNARE interactions in vesicular transport,-0.4055763461924926,-0.9226205111927719,0.5151515151515151,1.0,1.0,9/24,11.74%,YKT6;STX11;SNAP29;STX5;VAMP3;VAMP5;STX8;VAMP7;VAMP8
prerank,RIG-I-like receptor signaling pathway,-0.3936656290305956,-0.9225415339245565,0.5305343511450382,1.0,1.0,7/28,13.53%,TKFC;MAPK14;PIN1;MAP3K7;MAVS;RIPK1;STING1
prerank,Viral myocarditis,0.4526549361341998,0.9199559971595813,0.6101036269430051,1.0,1.0,9/33,21.10%,LAMA2;HLA-C;HLA-B;RAC1;ITGAL;CD55;HLA-A;HLA-DPA1;PRF1
prerank,JAK-STAT signaling pathway,0.4461162007429039,0.9152398856288931,0.5969387755102041,1.0,1.0,16/37,25.58%,PIK3CB;PIK3CD;TYK2;AKT1;PDGFA;IL7R;PRL;IL21R;SOS1;IL12B;CDKN1A;JAK1;IRF9;PIK3R1;MTOR;SOS2
prerank,NOD-like receptor signaling pathway,0.4082748284578877,0.914854990245978,0.6295857988165681,1.0,1.0,25/90,23.85%,CTSB;RNASEL;OAS2;TYK2;RBCK1;TAB2;TNFAIP3;MFN1;CARD16;DEFA6;CXCL1;IFI16;TAB3;YWHAE;TANK;DEFA4;DEFA5;TXNIP;JAK1;PSTPIP1;IRF9;PYCARD;NFKBIB;OAS3;NEK7
prerank,AMPK signaling pathway,0.4196494229369935,0.9138915386618023,0.633373934226553,1.0,1.0,9/63,12.86%,PFKL;PFKM;CREB1;RHEB;PIK3CB;PIK3CD;AKT1;PFKP;IGF1R
prerank,Parkinson disease,-0.30319455253012306,-0.8951564470743786,0.6833333333333333,1.0,1.0,46/146,18.08%,BAX;PSMB1;PSMC4;SLC25A6;CASP3;NDUFA4;SEPTIN5;ATP5F1C;PSMA6;PSMA2;UQCRC1;PSMD4;PSMD7;CAMK2B;SLC25A5;PSMA4;NDUFA11;PSMD1;PSMD13;TXN;PSMC3;NDUFV1;SDHC;PSMD6;APAF1;SDHB;CYCS;PRKACA;VDAC2;MAP3K5;PSMD9;PSMD11;GNAI1;PARK7;VDAC1;COX6C;ATP5PD;UBA7;COX6B1;PSMD3;PSMA7;ITPR2;SDHA;UQCRC2;PSMC2;COX4I1
prerank,Morphine addiction,-0.39375144702090803,-0.8928414359705481,0.5625,1.0,1.0,7/27,14.80%,ARRB1;GNG11;GNB4;PRKACA;GNB5;GNG8;GNAI1
prerank,Wnt signaling pathway,0.40980238969540866,0.8917962114484688,0.6364764267990074,1.0,1.0,11/54,16.43%,MMP7;SFRP4;CAMK2D;GPC4;DKK2;SERPINF1;VANGL1;NFATC2;RAC1;SFRP2;PPP3CC
prerank,PD-L1 expression and PD-1 checkpoint pathway in cancer,-0.358951230734861,-0.8892975463297368,0.5893719806763285,1.0,1.0,7/52,6.69%,LAT;MAP2K2;PPP3CA;MAPK14;PTEN;CSNK2A2;CSNK2A1
prerank,Vasopressin-regulated water reabsorption,-0.39501798866154303,-0.885686586182318,0.594306049822064,1.0,1.0,6/24,12.82%,DCTN5;DYNC1LI1;NSF;RAB11B;PRKACA;RAB5B
prerank,Ribosome biogenesis in eukaryotes,-0.39036777421538366,-0.8851001510232072,0.588,1.0,1.0,3/25,6.69%,NAT10;CSNK2A2;CSNK2A1
prerank,Fat digestion and absorption,-0.4088214883466447,-0.8822316817941369,0.6254180602006689,1.0,1.0,7/18,10.32%,PNLIP;CD36;AGPAT1;PLA2G12A;PNLIPRP1;PNLIPRP2;MTTP
prerank,Gastric cancer,0.4241178160752876,0.8821895795402621,0.6683738796414853,1.0,1.0,15/42,25.58%,CDH1;PIK3CB;PIK3CD;AKT1;ABCB1;SOS1;CDKN1A;REG4;LRP6;NRAS;PIK3R1;TGFB2;MTOR;SMAD3;SOS2
prerank,HIF-1 signaling pathway,0.4112912825497806,0.8815525505343914,0.6618004866180048,1.0,1.0,13/61,12.86%,NPPA;CAMK2D;PFKL;PFKM;HMOX1;PIK3CB;PIK3CD;EGLN1;AKT1;GAPDH;VEGFA;PFKP;IGF1R
prerank,Mineral absorption,0.4802581382729989,0.8790274465092371,0.641399416909621,1.0,1.0,5/18,19.25%,HMOX1;SLC30A1;ATP7A;CYBRD1;MT2A
prerank,Signaling pathways regulating pluripotency of stem cells,0.4207223459076005,0.8774797435018376,0.6456494325346784,1.0,1.0,6/37,12.86%,INHBB;INHBC;PIK3CB;PIK3CD;AKT1;IGF1R
prerank,Cellular senescence,-0.3368946312729674,-0.8741743917766873,0.6363636363636364,1.0,1.0,9/67,5.46%,SERPINE1;PPP1CB;MAP2K2;PPP3CA;MAPK14;SLC25A6;CDK2;PTEN;MRE11
prerank,Prion disease,-0.28970601591142336,-0.8701938309353817,0.7924528301886793,1.0,1.0,33/165,12.74%,CCL5;BAX;PPP3CA;SOD1;PSMB1;PSMC4;MAPK14;SLC25A6;CASP3;CSNK2A2;NDUFA4;ATP5F1C;PSMA6;PSMA2;UQCRC1;CSNK2A1;PSMD4;PSMD7;SLC25A5;PSMA4;NDUFA11;PSMD1;PSMD13;PSMC3;NDUFV1;SDHC;PSMD6;APAF1;SDHB;CYCS;PRKACA;GSK3B;VDAC2
prerank,Fc epsilon RI signaling pathway,0.4323126621027753,0.8697294533384714,0.6915167095115681,1.0,1.0,8/37,16.10%,VAV1;SYK;PIK3CB;PIK3CD;AKT1;SOS1;MAP2K3;RAC1
prerank,Proteoglycans in cancer,-0.31423567931417745,-0.8693656961183974,0.6724137931034483,1.0,1.0,14/112,8.11%,FN1;PPP1CB;MAP2K2;COL1A2;MAPK14;CASP3;EIF4B;SLC9A1;SRC;ITGA5;CAMK2B;HBEGF;IHH;BRAF
prerank,GnRH secretion,0.4531974473196451,0.8653882726508696,0.666214382632293,1.0,1.0,4/23,8.80%,SPP1;PIK3CB;PIK3CD;AKT1
prerank,Estrogen signaling pathway,0.40540334234919695,0.8635852621839889,0.7013463892288861,1.0,1.0,17/56,23.90%,HSP90B1;CREB1;PIK3CB;PIK3CD;KRT17;AKT1;ATF6B;KRT16;KRT10;SOS1;MMP2;KRT25;KRT13;KRT33A;GNAS;NRAS;PIK3R1
prerank,Pancreatic cancer,0.4208623301674602,0.8591248027144017,0.7070967741935484,1.0,1.0,14/39,24.63%,PIK3CB;PIK3CD;AKT1;VEGFA;RAC1;CDKN1A;JAK1;RALA;CDC42;PIK3R1;RAC2;TGFB2;MTOR;SMAD3
prerank,Protein export,-0.3966610298390799,-0.8518627793748563,0.6774193548387096,1.0,1.0,1/17,2.08%,SPCS3
prerank,Axon guidance,0.3841107545894656,0.8491432788002304,0.7436517533252721,1.0,1.0,13/73,16.43%,NRP1;PLXNB1;CAMK2D;CXCL12;MYL12B;PIK3CB;PIK3CD;EPHA5;NFATC2;ENAH;ILK;RAC1;PPP3CC
prerank,Herpes simplex virus 1 infection,-0.3123976724962879,-0.848409563332123,0.738255033557047,1.0,1.0,13/92,9.80%,ZNF311;CCL5;PPP1CB;BAX;EIF2B5;TAB1;NECTIN2;CASP3;SRC;ITGA5;HLA-DRA;MAP3K7;MAVS
prerank,Rap1 signaling pathway,0.37731889676755903,0.8450737140784217,0.759860788863109,1.0,1.0,7/92,6.01%,CDH1;CSF1;VAV1;RAP1A;RAP1B;PIK3CB;PIK3CD
prerank,Ras signaling pathway,0.37560153475217073,0.8449105540102252,0.7491329479768786,1.0,1.0,14/94,14.30%,CSF1;RAP1A;GNG12;PLA2G2A;RAP1B;PIK3CB;PIK3CD;AKT1;PDGFA;RASAL2;VEGFA;IGF1R;REL;SOS1
prerank,Calcium signaling pathway,-0.31269435262710343,-0.8377791188219325,0.7307692307692307,1.0,1.0,19/68,17.64%,PPP3CA;SLC25A6;PDGFB;CAMK1;CAMK2B;SLC25A5;PLCB4;AVPR1A;TBXA2R;ATP2B1;GNAQ;PRKACA;VDAC2;ORAI1;VDAC1;EGF;PDGFD;ITPR2;TNNC2
prerank,Epithelial cell signaling in Helicobacter pylori infection,-0.33581979605861173,-0.8371635962338448,0.7383177570093458,1.0,1.0,8/41,7.57%,CCL5;MAPK14;CASP3;ATP6V0A1;SRC;ATP6V1B2;HBEGF;CXCL2
prerank,Vascular smooth muscle contraction,0.3816784365799041,0.8312494833069309,0.7313253012048193,1.0,1.0,5/58,8.59%,NPPA;NPPB;PLA2G2A;ACTA2;MYL6B
prerank,Pentose phosphate pathway,-0.3753985148688564,-0.8291212254723095,0.7315175097276264,1.0,1.0,7/22,12.86%,ALDOB;ALDOA;PGLS;RPE;PGD;G6PD;PGM1
prerank,GABAergic synapse,-0.3692851542193386,-0.8283494641513568,0.6819923371647509,1.0,1.0,8/24,14.80%,GNG11;GNB4;SRC;NSF;PRKACA;GNB5;GNG8;GNAI1
prerank,Tight junction,-0.30815774317566175,-0.828213518563446,0.7552447552447552,1.0,1.0,18/82,14.41%,NF2;ARPC1B;DLG3;RAPGEF2;ARPC2;SRC;CLDN3;ARHGEF18;ARPC3;STK11;ACTR3;PRKAA1;RAP2C;PRKACA;ITGB1;TJP2;MAP3K5;PPP2CA
prerank,Oocyte meiosis,-0.31919963933613843,-0.8266375709190226,0.7722772277227723,1.0,1.0,10/53,15.45%,PPP1CB;PPP3CA;MAPK14;CDK2;CAMK2B;PPP2R5D;PRKACA;PPP2CA;PPP1CA;IGF1
prerank,Glutamatergic synapse,-0.3385469276214743,-0.8256408932952486,0.705607476635514,1.0,1.0,13/39,19.35%,PPP3CA;GNG11;GNB4;PLCB4;GNAQ;PRKACA;GNB5;GNG8;GNAI1;ITPR2;GNG7;MAPK3;ITPR1
prerank,Pancreatic secretion,-0.33199841138923536,-0.8203280871237301,0.7236180904522613,1.0,1.0,12/45,12.11%,CTRB1;PNLIP;CPA1;SLC9A1;PLA2G12A;PNLIPRP1;PLCB4;ATP2B1;PNLIPRP2;GNAQ;CA2;RAB27B
prerank,Regulation of actin cytoskeleton,0.3529646222659463,0.8156317394454498,0.8106575963718821,1.0,1.0,25/125,16.28%,GSN;VAV1;GNG12;F2;IQGAP1;CXCL12;MYL12B;PIK3CB;KNG1;PIK3CD;PXN;PIKFYVE;TMSB4X;PDGFA;DIAPH2;BRK1;MYH14;PIP5K1B;EZR;SOS1;ENAH;DOCK1;RAC1;ITGAL;ITGA4
prerank,Glioma,-0.34462143888246655,-0.8135765122723837,0.7017543859649122,1.0,1.0,8/35,8.11%,BAX;MAP2K2;SHC1;PTEN;PDGFB;CAMK1;CAMK2B;BRAF
prerank,C-type lectin receptor signaling pathway,0.3835934675986067,0.8126117107046281,0.76625,1.0,1.0,13/51,23.90%,SYK;PIK3CB;PIK3CD;AKT1;LSP1;NFATC2;IL12B;PPP3CC;CD209;IRF9;PYCARD;NRAS;PIK3R1
prerank,Pathogenic Escherichia coli infection,-0.283973209610156,-0.8087136881091896,0.8791946308724832,1.0,1.0,24/110,14.53%,BAX;TAB1;NCK1;ARPC1B;MAPK14;CYTH2;CASP3;ARPC2;SEC24C;SRC;CLDN3;ARPC3;ACTR3;MAP3K7;RIPK1;NCK2;CYCS;RAB1A;ITGB1;WASF3;WASF2;PAK2;TMED10;WIPF1
prerank,RNA transport,0.3638946360535032,0.8021461372300117,0.8114086146682189,1.0,1.0,16/76,26.36%,EIF2S1;UPF3A;CASC3;SRRM1;KPNB1;NUP214;EIF2B2;NUP88;DDX19A;ALYREF;RAN;THOC6;RAE1;DDX39B;EIF3D;CYFIP1
prerank,Th1 and Th2 cell differentiation,0.38903452095347235,0.8004843390715946,0.7732997481108312,1.0,1.0,16/42,23.75%,NOTCH2;TYK2;CD4;NOTCH3;CD247;NFATC2;IL12B;PPP3CC;NOTCH1;NFKBIE;HLA-DPA1;JAK1;LCK;PRKCQ;NFKBIB;ZAP70
prerank,Renal cell carcinoma,0.39493678799174964,0.7988779962913883,0.7798165137614679,1.0,1.0,14/36,24.08%,RAP1A;RAP1B;PIK3CB;PIK3CD;EGLN1;AKT1;VEGFA;SOS1;RAC1;CDKN1A;CDC42;NRAS;PIK3R1;TGFB2
prerank,Natural killer cell mediated cytotoxicity,0.37020843028166156,0.798673023093622,0.8080194410692588,1.0,1.0,19/56,24.06%,VAV1;SYK;PIK3CB;PIK3CD;HLA-C;HLA-B;CD247;NFATC2;SOS1;RAC1;ITGAL;PPP3CC;HLA-A;PRF1;LCK;ZAP70;NRAS;PIK3R1;RAC2
prerank,Toxoplasmosis,0.367914381556238,0.7985195717767003,0.8074162679425837,1.0,1.0,7/59,15.43%,LAMA2;TYK2;TAB2;AKT1;LY96;MAP2K3;IL12B
prerank,Cell cycle,-0.338849904754013,-0.7975883057465123,0.78125,1.0,1.0,2/30,4.44%,CDKN2D;CDK2
prerank,Platelet activation,0.357109395792775,0.7974506134425543,0.7902097902097902,1.0,1.0,11/88,10.15%,RAP1A;SYK;F2;FGB;FGG;MYL12B;RAP1B;PIK3CB;PIK3CD;AKT1;FERMT3
prerank,Cytosolic DNA-sensing pathway,-0.3799251314738372,-0.7942587423440512,0.7687296416938111,1.0,1.0,4/15,13.53%,CCL5;MAVS;RIPK1;STING1
prerank,Circadian entrainment,0.39712683338352517,0.7933734198322309,0.783068783068783,1.0,1.0,3/35,4.71%,GNG12;CAMK2D;CREB1
prerank,Choline metabolism in cancer,0.3694453377512032,0.7926835485498454,0.793398533007335,1.0,1.0,17/52,26.56%,RHEB;PIK3CB;PIK3CD;AKT1;PDGFA;PIP5K1B;SOS1;DGKA;RAC1;DGKI;NRAS;PIK3R1;RAC2;MTOR;PDGFC;SOS2;CHKB
prerank,Glucagon signaling pathway,-0.3118052319811598,-0.7877038653494071,0.8615384615384616,1.0,1.0,11/50,12.30%,PYGL;PYGB;PPP3CA;CPT1A;LDHB;CAMK2B;PLCB4;PRKAA1;GNAQ;GYS1;PRKACA
prerank,Measles,0.3620001769033412,0.7873791074958528,0.7987804878048781,1.0,1.0,8/59,8.95%,OAS2;PIK3CB;PIK3CD;TYK2;EIF2S1;TAB2;AKT1;TNFAIP3
prerank,mTOR signaling pathway,-0.295818092286808,-0.7828264606691585,0.8581081081081081,1.0,1.0,11/70,10.36%,MAP2K2;MAPKAP1;PTEN;EIF4B;CLIP1;LAMTOR3;ATP6V1B2;BRAF;STK11;PRKAA1;LAMTOR1
prerank,Sphingolipid signaling pathway,-0.2999062866534557,-0.7814552625294316,0.872093023255814,1.0,1.0,10/58,14.80%,BAX;MAP2K2;MAPK14;PTEN;PLCB4;PPP2R5D;GNAQ;MAP3K5;PPP2CA;GNAI1
prerank,Aminoacyl-tRNA biosynthesis,0.3989838412888075,0.7806339916064575,0.7636122177954847,1.0,1.0,4/27,12.16%,RARS1;AARS2;FARSA;IARS1
prerank,Retrograde endocannabinoid signaling,-0.3085209335593737,-0.7804575894700353,0.8212290502793296,1.0,1.0,13/55,14.80%,MAPK14;GNG11;NDUFA4;GNB4;NDUFA11;PLCB4;DAGLB;NDUFV1;GNAQ;PRKACA;GNB5;GNG8;GNAI1
prerank,Diabetic cardiomyopathy,-0.27539947899339906,-0.780404275326047,0.8818181818181818,1.0,1.0,21/120,12.74%,PPP1CB;COL1A2;MAPK14;SLC25A6;PTEN;CD36;NDUFA4;ATP5F1C;UQCRC1;CAMK2B;SLC25A5;NDUFA11;PLCB4;NDUFV1;SDHC;GYS1;SDHB;G6PD;GSK3B;TGFB1;VDAC2
prerank,Colorectal cancer,-0.3224976657624949,-0.7791497269029626,0.7955555555555556,1.0,1.0,8/39,12.61%,BAX;MAP2K2;CASP3;APPL1;BRAF;CYCS;GSK3B;TGFB1
prerank,Central carbon metabolism in cancer,0.386927345653766,0.7775831158247364,0.7942332896461337,1.0,1.0,6/33,11.78%,PFKL;PFKM;PIK3CB;PIK3CD;AKT1;PFKP
prerank,ErbB signaling pathway,-0.3208252810482894,-0.7764835884133611,0.7881773399014779,1.0,1.0,12/44,13.39%,MAP2K2;NCK1;SHC1;SRC;CAMK2B;HBEGF;BRAF;STAT5B;NCK2;GSK3B;CRK;PAK2
prerank,Phospholipase D signaling pathway,0.3548892382679337,0.7750212706090992,0.8212157330154947,1.0,1.0,32/72,33.57%,SYK;F2;RHEB;PIK3CB;PIK3CD;AKT1;PDGFA;PIP5K1B;DNM2;SOS1;DGKA;CXCR2;DGKI;GNAS;RALA;NRAS;PIK3R1;MTOR;PDGFC;SOS2;AGPAT3;PLCG2;DGKG;CXCR1;PIK3CG;RRAS2;DNM1;MAPK1;GNA13;FCER1G;ARF1;RRAS
prerank,Thermogenesis,0.33667810379003366,0.7737776447086491,0.859122401847575,1.0,1.0,12/108,14.93%,NPPA;NPPB;CREB1;RHEB;UQCR10;NDUFS5;NDUFB7;NDUFA5;SOS1;UQCR11;RPS6KA1;MAP2K3
prerank,VEGF signaling pathway,-0.3218535791422288,-0.7732551656341792,0.8071748878923767,0.9959723196855681,1.0,5/35,6.36%,MAP2K2;PPP3CA;HSPB1;MAPK14;SRC
prerank,Chemical carcinogenesis,0.35105678856839867,0.7708177850067838,0.8389423076923077,1.0,1.0,11/74,14.53%,NOTCH2;HSP90B1;CREB1;PIK3CB;PIK3CD;AKT1;KPNB1;ATF6B;VEGFA;SOS1;RPS6KA1
prerank,Cushing syndrome,0.372259592230349,0.7703592762921316,0.8163265306122449,1.0,1.0,4/41,5.38%,RAP1A;CAMK2D;CREB1;RAP1B
prerank,Primary immunodeficiency,-0.34411318150295195,-0.7685351457846913,0.7824561403508772,0.9927529838620835,1.0,1/18,0.71%,CD40
prerank,Glycerophospholipid metabolism,0.37034891711918966,0.7677854868423319,0.8112712975098296,1.0,1.0,16/41,29.88%,PLA2G2A;GPAT4;LPCAT1;LYPLA2;DGKA;DGKI;LCAT;MBOAT2;PLA1A;GPD1;CHKB;AGPAT3;CDIPT;DGKG;MBOAT7;PTDSS1
prerank,Human immunodeficiency virus 1 infection,-0.2734709068693897,-0.7602902520319004,0.9312977099236641,0.9968142715358236,1.0,25/114,16.30%,BAX;MAP2K2;PPP3CA;TAB1;AP1M1;MAPK14;CASP3;GNG11;AP1S2;GNB4;ELOC;MAP3K7;GNAQ;RIPK1;CYCS;GNB5;CRK;PAK2;STING1;GNG8;GNAI1;CUL5;HLA-E;CFL1;CUL4B
prerank,Longevity regulating pathway,0.3628459222090718,0.7564459425258313,0.82125,1.0,1.0,8/48,12.86%,CREB1;RHEB;PIK3CB;PIK3CD;AKT1;CRYAB;ATF6B;IGF1R
prerank,Chronic myeloid leukemia,-0.31981856539420733,-0.7545356118049583,0.8116591928251121,0.9957830657828702,1.0,7/36,13.16%,BAX;MAP2K2;SHC1;BRAF;STAT5B;TGFB1;CRK
prerank,Adrenergic signaling in cardiomyocytes,-0.29056649885364044,-0.7518644481244274,0.877906976744186,0.9891853407573459,1.0,14/59,15.24%,PPP1CB;MAPK14;SLC9A1;CAMK2B;PLCB4;ATP2B1;PPP2R5D;TPM3;GNAQ;PRKACA;ATP1B3;PPP2CA;GNAI1;PPP1CA
prerank,RNA degradation,0.3776088398537624,0.7510268570390818,0.8310991957104558,1.0,1.0,7/29,20.81%,PFKL;PFKM;LSM3;PFKP;EXOSC1;LSM4;ENO1
prerank,MAPK signaling pathway,0.32489916037857824,0.7467564062694839,0.9124004550625711,1.0,1.0,20/116,17.14%,CSF1;RAP1A;GNG12;MAP3K11;CD14;MAX;RAP1B;TAB2;AKT1;PDGFA;VEGFA;IGF1R;MAP4K2;SOS1;RPS6KA1;MAP2K3;MAPKAPK3;RAC1;PPP3CC;VEGFD
prerank,Inositol phosphate metabolism,-0.2941222091865129,-0.744072250995865,0.8325581395348837,0.9904503969490016,1.0,7/42,10.78%,INPP5A;IMPA1;PTEN;PLCB4;MTM1;PIP4K2B;TPI1
prerank,Hippo signaling pathway,0.34590040494428564,0.7429334132318776,0.8573232323232324,1.0,1.0,1/52,0.31%,CDH1
prerank,Carbohydrate digestion and absorption,0.4163430911796495,0.7419455134690925,0.8118668596237337,1.0,1.0,3/16,8.80%,PIK3CB;PIK3CD;AKT1
prerank,Progesterone-mediated oocyte maturation,0.3644336424260794,0.741748527930887,0.8544973544973545,1.0,1.0,5/35,14.53%,PIK3CB;PIK3CD;AKT1;IGF1R;RPS6KA1
prerank,Necroptosis,0.33558598482138824,0.7394080872032133,0.8763505402160864,1.0,1.0,9/69,9.92%,CAMK2D;MACROH2A1;SQSTM1;TYK2;RBCK1;TNFAIP3;CAPN1;CHMP6;H2AZ1
prerank,GnRH signaling pathway,-0.2988732256349454,-0.7369737288610946,0.8743718592964824,0.99032080659121,1.0,8/44,12.30%,MAP2K2;MAPK14;SRC;CAMK2B;HBEGF;PLCB4;GNAQ;PRKACA
prerank,Amoebiasis,0.3446983332351685,0.7296190630567845,0.8672248803827751,1.0,1.0,9/54,13.39%,LAMA2;CD14;CTSG;PIK3CB;PIK3CD;C9;COL4A2;C8B;CXCL1
prerank,Legionellosis,-0.30126455736382135,-0.729591387769449,0.8879310344827587,0.9901288366132039,1.0,8/35,13.93%,RAB1B;CASP3;CXCL2;APAF1;CYCS;BCL2L13;RAB1A;C3
prerank,cGMP-PKG signaling pathway,0.3295482362192238,0.7267422025970184,0.8941605839416058,1.0,1.0,9/71,16.43%,NPPA;NPPB;CREB1;KNG1;AKT1;ATF6B;NFATC2;GTF2I;PPP3CC
prerank,Adipocytokine signaling pathway,-0.3002323851556581,-0.7261846083843887,0.889795918367347,0.9835251542985771,1.0,9/35,19.45%,CPT1A;CD36;STK11;PRKAA1;ACSL3;PRKAB1;PTPN11;NFKB1;ACSL5
prerank,Ferroptosis,0.36648764969927333,0.7248843427310419,0.8376184032476319,1.0,1.0,8/26,33.53%,HMOX1;PCBP2;TFRC;PCBP1;CP;GCLM;FTL;STEAP3
prerank,Prolactin signaling pathway,-0.31359469563367653,-0.717669289609663,0.8706896551724138,0.9847330035390963,1.0,4/28,6.36%,MAP2K2;MAPK14;SHC1;SRC
prerank,Human T-cell leukemia virus 1 infection,0.3172792645544253,0.7174307926007638,0.9125874125874126,1.0,1.0,25/89,21.77%,MMP7;NRP1;CANX;CREB1;CALR;PIK3CB;PIK3CD;CD4;AKT1;HLA-C;TBPL1;ATF6B;HLA-B;B2M;NFATC2;VAC14;ITGAL;PPP3CC;CDKN1A;BUB3;HLA-A;RAN;HLA-DPA1;JAK1;LCK
prerank,Kaposi sarcoma-associated herpesvirus infection,0.3142697226107048,0.7164013652760454,0.9171597633136095,1.0,1.0,17/91,18.33%,SYK;GNG12;CREB1;PIK3CB;PIK3CD;TYK2;AKT1;PREX1;HLA-C;HLA-B;VEGFA;NFATC2;CXCL1;RAC1;PPP3CC;RPS27A;CDKN1A
prerank,Neurotrophin signaling pathway,0.3297010468186298,0.714052168802954,0.8914634146341464,1.0,1.0,17/58,23.90%,RAP1A;CAMK2D;RAP1B;PIK3CB;PIK3CD;AKT1;SOS1;RPS6KA1;RAC1;YWHAE;PSEN1;NFKBIE;ARHGDIA;CDC42;NFKBIB;NRAS;PIK3R1
prerank,mRNA surveillance pathway,0.33708230669997513,0.7087297802134919,0.8826530612244898,1.0,1.0,13/45,24.71%,CPSF7;GSPT1;UPF3A;CASC3;SRRM1;SMG1;RNGTT;DDX19A;ALYREF;GSPT2;PPP1CC;PPP2R5C;DDX39B
prerank,Hepatitis B,0.3182744519352806,0.7047699903302559,0.9295942720763724,1.0,1.0,11/74,14.93%,ATP6AP1;CREB1;PIK3CB;PIK3CD;TYK2;TAB2;AKT1;ATF6B;NFATC2;SOS1;MAP2K3
prerank,Inflammatory bowel disease,0.3728450297327777,0.7006270511854119,0.8736559139784946,1.0,1.0,6/19,29.04%,IL21R;IL12B;HLA-DPA1;TGFB2;SMAD3;STAT6
prerank,Non-small cell lung cancer,-0.29013570416362033,-0.7002468059999544,0.9124423963133641,0.9947582870954592,1.0,2/34,1.65%,BAX;MAP2K2
prerank,Cortisol synthesis and secretion,0.3840254100927468,0.6973313203447229,0.8405594405594405,1.0,1.0,4/17,21.20%,CREB1;ATF6B;LDLR;GNAS
prerank,Leishmaniasis,-0.2930146987786998,-0.6946101108464705,0.9248826291079812,0.9907981796990365,1.0,7/41,13.93%,TAB1;MAPK14;HLA-DRA;MAP3K7;TGFB1;ITGB1;C3
prerank,Relaxin signaling pathway,0.3241077160912213,0.6939360774977337,0.9272503082614056,1.0,1.0,13/60,17.14%,GNG12;CREB1;ACTA2;PIK3CB;PIK3CD;MMP1;AKT1;ATF6B;VEGFA;COL4A2;SOS1;MMP2;VEGFD
prerank,Epstein-Barr virus infection,0.3011134066410171,0.6918365544287739,0.9574223245109321,1.0,1.0,30/107,23.90%,SYK;VIM;CXCL10;OAS2;CALR;PIK3CB;PIK3CD;TYK2;TAB2;AKT1;TNFAIP3;HLA-C;HLA-B;CD247;B2M;BLNK;MAP2K3;CD44;RAC1;ITGAL;CDKN1A;NFKBIE;HLA-A;ISG15;HLA-DPA1;JAK1;IRF9;NFKBIB;OAS3;PIK3R1
prerank,Hepatitis C,0.3138152554880025,0.6917984590387863,0.9339045287637698,1.0,1.0,8/67,8.80%,CXCL10;RNASEL;OAS2;PIK3CB;PIK3CD;TYK2;EIF2S1;AKT1
prerank,Human cytomegalovirus infection,0.2955547153644698,0.6842645290606997,0.9576174112256587,1.0,1.0,18/114,16.43%,GNG12;CXCL12;CREB1;RHEB;CALR;PIK3CB;PIK3CD;PXN;AKT1;HLA-C;ATF6B;HLA-B;VEGFA;B2M;NFATC2;SOS1;RAC1;PPP3CC
prerank,Amphetamine addiction,-0.30417541793682784,-0.6778686058051772,0.9042553191489362,0.9955564189719779,1.0,2/21,1.86%,PPP1CB;PPP3CA
prerank,Nicotinate and nicotinamide metabolism,-0.31745016794862085,-0.676157606726363,0.8862876254180602,0.9863515774085263,1.0,4/16,18.83%,SIRT2;NT5C;NNT;NMNAT3
prerank,Mitophagy,-0.2907254132396623,-0.6759906204079811,0.929368029739777,0.976089952115688,1.0,6/29,12.09%,CSNK2A2;SRC;CSNK2A1;TBC1D15;ATG9A;BCL2L13
prerank,Breast cancer,0.3329528095573929,0.6742241180247049,0.9155495978552279,1.0,1.0,14/38,25.58%,NOTCH2;PIK3CB;PIK3CD;AKT1;NOTCH3;IGF1R;SOS1;CDKN1A;NOTCH1;LRP6;NRAS;PIK3R1;MTOR;SOS2
prerank,"Parathyroid hormone synthesis, secretion and action",-0.2715518558453831,-0.6717706859952645,0.9574468085106383,0.9694752947617464,1.0,6/38,12.30%,ARRB1;HBEGF;BRAF;PLCB4;GNAQ;PRKACA
prerank,T cell receptor signaling pathway,0.3153127493768455,0.670998370246619,0.9457459926017263,1.0,1.0,18/57,23.90%,VAV1;PIK3CB;PIK3CD;CD4;AKT1;PTPRC;CD247;NFATC2;SOS1;PPP3CC;NFKBIE;LCK;PRKCQ;CDC42;NFKBIB;ZAP70;NRAS;PIK3R1
prerank,Ubiquitin mediated proteolysis,0.30552917901587123,0.6644314246103378,0.9500609013398295,1.0,1.0,9/55,19.79%,CUL4A;UBE3C;TRIP12;UBE3B;UBA2;BIRC6;RPS27A;HUWE1;UBE2Q1
prerank,Alzheimer disease,0.2704350326561703,0.6581101368192991,0.991313789359392,1.0,1.0,31/197,19.66%,CSF1;LRP1;TUBB2A;APOE;PIK3CB;PIK3CD;EIF2S1;DKK2;AKT1;CAPN1;TUBB6;UQCR10;TUBB1;GAPDH;TUBA4A;TUBA1B;NDUFS5;LPL;NDUFB7;NDUFA5;UQCR11;TUBB4B;PPP3CC;COX6A1;KLC2;CAPN2;ERN1;PSEN1;TUBB;TUBA1C;LRP6
prerank,Melanogenesis,0.332207093319405,0.6580017315343336,0.9303882195448461,1.0,1.0,2/30,4.71%,CAMK2D;CREB1
prerank,Hepatocellular carcinoma,-0.25269723867424176,-0.6576112665902686,0.9884393063583815,0.9695753024015339,1.0,10/60,13.57%,BAX;MAP2K2;SHC1;PTEN;BRAF;GSTT2;GSK3B;TGFB1;CSNK1A1;GSTO1
prerank,"Growth hormone synthesis, secretion and action",0.3085522797776834,0.6554551609557399,0.948905109489051,1.0,1.0,8/54,14.93%,CREB1;GHRL;PIK3CB;PIK3CD;AKT1;ATF6B;SOS1;MAP2K3
prerank,Influenza A,0.2908216721101135,0.6466987073743415,0.9689366786140979,1.0,1.0,9/74,10.63%,CXCL10;RNASEL;OAS2;PIK3CB;PIK3CD;TYK2;EIF2S1;AKT1;PRSS2
prerank,Inflammatory mediator regulation of TRP channels,0.31626852103548597,0.6422991625118043,0.9290240811153359,1.0,1.0,4/37,6.01%,CAMK2D;PIK3CB;KNG1;PIK3CD
prerank,Oxidative phosphorylation,0.2901528803148927,0.639666714969726,0.9782345828295043,1.0,1.0,7/71,14.49%,ATP6AP1;UQCR10;ATP6V1E1;NDUFS5;NDUFB7;NDUFA5;UQCR11
prerank,Long-term potentiation,0.3148965101153805,0.6368003039959097,0.9313077939233818,1.0,1.0,3/34,5.38%,RAP1A;CAMK2D;RAP1B
prerank,Chagas disease,0.2988741741084156,0.6300301913694666,0.9603469640644362,1.0,1.0,6/48,8.80%,CALR;PIK3CB;KNG1;PIK3CD;C1QA;AKT1
prerank,Oxytocin signaling pathway,0.2810741538326,0.6161267820588631,0.9770253929866989,1.0,1.0,2/63,3.11%,NPPA;CAMK2D
prerank,Gap junction,0.2933987573138273,0.6130587405629901,0.9771573604060914,1.0,1.0,14/48,25.58%,TUBB2A;TUBB6;PDGFA;TUBB1;TUBA4A;TUBA1B;SOS1;TUBB4B;TUBB;TUBA1C;GNAS;NRAS;PDGFC;SOS2
prerank,Th17 cell differentiation,0.2863861174015114,0.5983774981208084,0.9773584905660377,1.0,1.0,15/48,24.63%,TYK2;CD4;CD247;NFATC2;IL21R;PPP3CC;NFKBIE;HLA-DPA1;JAK1;LCK;PRKCQ;NFKBIB;ZAP70;MTOR;SMAD3
prerank,Non-alcoholic fatty liver disease,0.25210588078152524,0.5648911039959907,0.9964328180737217,1.0,1.0,13/82,18.12%,MAP3K11;PIK3CB;PIK3CD;EIF2S1;AKT1;UQCR10;NDUFS5;NDUFB7;NDUFA5;UQCR11;RAC1;COX6A1;ERN1
prerank,Gastric acid secretion,0.2839291701860438,0.5603905443700719,0.979002624671916,1.0,1.0,3/30,12.99%,CAMK2D;GAST;EZR
prerank,Phosphatidylinositol signaling system,0.25861652889354697,0.55993133644147,0.9938725490196079,0.9945572156717473,1.0,16/56,28.40%,PIK3CB;PIK3CD;PIKFYVE;PIP5K1B;DGKA;INPP4A;INPP1;DGKI;INPP5D;PLCD1;PIK3C2A;PIK3R1;CALML3;CDIPT;PLCG2;DGKG
prerank,Bile secretion,-0.2487110174779641,-0.5376157672959566,0.9859649122807017,0.9956396769841425,1.0,4/20,13.91%,SLC9A1;CA2;PRKACA;ATP1B3
prerank,Cardiac muscle contraction,0.2515935622467495,0.5151988334494418,0.9948717948717949,0.9953760963167861,1.0,8/37,25.06%,UQCR10;HRC;TPM1;UQCR11;COX6A1;ASPH;CASQ2;MYL2
